type,kind,base,goes_with (helper of),implemented_in (main .cpp),also_implemented_in,header_line,header_lines,used_in_files,target_path (fill in: e.g. game/objects/npcs/bull)
Anvil,class,ScnBody,,objects/anvil.cpp,,940,15,2,
AutomaticDoor,class,ScnBody,,objects/automaticdoor.cpp,,1051,17,1,
balance,class,ScnBody,,objects/balance.cpp,,11335,15,2,
Bat,class,ScnBody,,objects/bat.cpp,,1082,29,1,
Battery,class,ScnBody,,objects/battery.cpp,,1138,48,1,
Bees,class,ScnBody,,objects/bees.cpp,,1187,48,1,
Bell,class,ScnBody,,objects/bell.cpp,,1236,17,2,
BipbipLevel14,class,ScnBody,,objects/bipbiplevel14.cpp,,1274,36,1,
Bird,class,ScnBody,,objects/bird.cpp,,1311,32,1,
BlackHole,class,ScnBody,,objects/blackhole.cpp,,1355,17,2,
  └ BlackHoleFlagBits,struct,,BlackHole,,,1344,10,1,
BonusManager,class,ScnBody,,objects/bonusmanager.cpp,,1406,32,1,
bridge,class,ScnBody,,objects/bridge.cpp,,11394,31,2,
Bush,class,ScnBody,,objects/bush.cpp,,1710,21,2,
  └ BushFlagBits,struct,,Bush,,,1697,12,0,
Butterfly,class,ScnBody,,objects/butterfly.cpp,,1732,32,1,
Cactus,class,ScnBody,,objects/cactus.cpp,,1765,12,1,
CanonDummy,class,ScnBody,,objects/canondummy.cpp,,2306,19,1,
CanonSheep,class,ScnBody,,objects/canonsheep.cpp,,2326,46,1,
CanonSimple,class,ScnBody,,objects/canonsimple.cpp,,2373,45,2,
Case,class,ScnBody,,objects/case.cpp,,2419,11,3,
Catapult,class,ScnBody,,objects/catapult.cpp,,2494,56,1,
  └ CatapultBits,struct,,Catapult,,,2431,15,0,
Chronometer,class,ScnBody,,objects/chronometer.cpp,,2587,26,1,
Crane,class,ScnBody,,objects/crane.cpp,,3036,41,3,
  └ DropMsgArg,struct,,Crane,,,3023,12,18,
CrocodileLevel11,class,ScnBody,,objects/crocodilelevel11.cpp,,3146,51,1,
Crowd,class,ScnBody,,objects/crowd.cpp,,3198,14,1,
CrumblyGround,class,ScnBody,,objects/crumblyground.cpp,,3213,25,1,
CrumblyPlat,class,ScnBody,,objects/crumblyplat.cpp,,3239,23,1,
DancingGhost,class,ScnBody,,objects/dancingghost.cpp,objects/dancingghost_manager.cpp,3841,37,2,
  └ DanceStep,struct,,DancingGhost,,,3813,13,1,
  └ DancingGhostFlagBits,struct,,DancingGhost,,,3827,13,0,
Diamond,class,ScnBody,,objects/diamond.cpp,,4194,31,1,
DoorLevel,class,ScnBody,,objects/doorlevel.cpp,,4226,20,1,
DoorWorld,class,ScnBody,,objects/doorworld.cpp,,4261,20,1,
elastic,class,ScnBody,,objects/elastic.cpp,,11473,84,4,
FallingGate,class,ScnBody,,objects/fallinggate.cpp,,4564,31,2,
FallingGate2,class,ScnBody,,objects/fallinggate2.cpp,,4596,31,1,
FallingRock,class,ScnBody,,objects/fallingrock.cpp,,4628,21,1,
FireBall,class,ScnBody,,objects/fireball.cpp,,4701,20,2,
Firefly,class,ScnBody,,objects/firefly.cpp,,4722,21,1,
Fish,class,ScnBody,,objects/fish.cpp,,4744,22,1,
GeyserIn,class,ScnBody,,objects/geyserin.cpp,,5036,33,2,
GeyserOut,class,ScnBody,,objects/geyserout.cpp,,5086,29,1,
GhostCostume,class,ScnBody,,objects/ghostcostume.cpp,,5202,12,2,
GhostHalo,class,ScnBody,,objects/ghosthalo.cpp,,5215,11,1,
GoldenCoins,class,ScnBody,,objects/goldencoins.cpp,,5278,24,1,
GossamerOnde,class,ScnBody,,objects/gossameronde.cpp,,5303,24,1,
HeapOfLeaf,class,ScnBody,,objects/heapofleaf.cpp,,5651,27,1,
IceCube,class,ScnBody,,objects/icecube.cpp,,5849,22,2,
IceGround,class,ScnBody,,objects/iceground.cpp,,5872,16,1,
InstantHoover,class,ScnBody,,objects/instanthoover.cpp,,6137,46,2,
InstantSocket,class,ScnBody,,objects/instantsocket.cpp,,6230,13,1,
Jail,class,ScnBody,,objects/jail.cpp,,6262,31,3,
Laser,class,ScnBody,,objects/laser.cpp,,6342,27,2,
Lava,class,ScnBody,,objects/lava.cpp,,6370,13,1,
LazerRobot,class,ScnBody,,objects/lazerrobot.cpp,,6384,29,1,
Leaf,class,ScnBody,,objects/leaf.cpp,,6414,15,1,
Mailbox,class,ScnBody,,objects/mailbox.cpp,,6559,31,2,
  └ MailboxFlagBits,struct,,Mailbox,,,6546,12,0,
MCardManager,class,ScnBody,,objects/mcardmanager.cpp,,6477,17,1,
Monolithe,class,ScnBody,,objects/monolithe.cpp,,6989,30,1,
  └ MonolitheRider,struct,,Monolithe,,,6976,12,0,
Pipe,class,ScnBody,,objects/pipe.cpp,,7408,37,1,
Pipe2,class,ScnBody,,objects/pipe2.cpp,,7446,45,1,
Piranhas,class,ScnBody,,objects/piranhas.cpp,,7504,28,1,
PrayingGhost,class,ScnBody,,objects/prayingghost.cpp,,7634,83,1,
RabbitCostume,class,ScnBody,,objects/rabbitcostume.cpp,,7854,12,1,
Raft,class,ScnBody,,objects/raft.cpp,,7881,22,1,
  └ RaftFlagBits,struct,,Raft,,,7867,13,0,
Resizer,class,ScnBody,,objects/resizer.cpp,,7922,31,1,
Rocks,class,ScnBody,,objects/rocks.cpp,,8216,13,1,
RollingCarpet,class,ScnBody,,objects/rollingcarpet.cpp,,8242,35,2,
  └ RollingCarpetFlagBits,struct,,RollingCarpet,,,8230,11,0,
Sail,class,ScnBody,,objects/sail.cpp,,8309,12,1,
Scene_Wheel,class,ScnBody,,objects/scene_wheel.cpp,,8813,25,1,
SceneSheepPanel,class,ScnBody,,objects/scenesheeppanel.cpp,,8791,21,1,
ScnMobile,class,ScnBody,,engine/scenaric.cpp,,1658,17,26,
Seaweed,class,ScnBody,,objects/seaweed.cpp,,8901,13,2,
Seed,class,ScnBody,,objects/seed.cpp,,8928,24,1,
seesaw,class,ScnBody,,objects/seesaw.cpp,,11558,57,2,
  └ SeesawBodyEntry,struct,,seesaw,,,8953,12,0,
  └ SeesawPendingBits,struct,,seesaw,,,8966,12,0,
  └ Trajectory3,struct,,seesaw,,,10190,11,1,
SensibleButton,class,ScnBody,,objects/sensiblebutton.cpp,,8991,24,3,
  └ SensibleButtonFlagBits,struct,,SensibleButton,,,8979,11,0,
SheepCostume,class,ScnBody,,objects/sheepcostume.cpp,,9252,12,2,
SignPostAnimated,class,ScnBody,,objects/signpost.cpp,,9289,18,1,
SignTips,class,ScnBody,,objects/signtips.cpp,,9328,25,1,
SlidingIceCube,class,ScnBody,,objects/slidingicecube.cpp,,9367,33,2,
  └ SlidingIceCubeFlagBits,struct,,SlidingIceCube,,,9354,12,0,
SnowyGround,class,ScnBody,,objects/snowyground.cpp,,9505,14,1,
SwirlSign,class,ScnBody,,objects/swirlsign.cpp,,9768,15,3,
TimeKeeper,class,ScnBody,,objects/timekeeper.cpp,,9890,17,2,
TimeMachineSphere,class,ScnBody,,objects/timemachine.cpp,,9952,41,1,
  └ TimeMachinePair,struct,,TimeMachineSphere,,,9927,11,0,
Torch,class,ScnBody,,objects/torch.cpp,,10023,14,1,
TrafficJams,class,ScnBody,,objects/trafficjams.cpp,,10038,33,1,
Train,class,ScnBody,,objects/train.cpp,,10109,44,1,
  └ TrainCar,struct,,Train,,,10083,13,1,
  └ TrainingHelpSlot,struct,,Train,,,3690,11,0,
  └ TrainingLineBits,struct,,Train,,,3702,12,0,
  └ TrainWaypoint,struct,,Train,,,10097,11,1,
TrainCarBody,class,ScnBody,,objects/train.cpp,,10072,10,1,
TreeSection,class,ScnBody,,objects/treesection.cpp,,10220,16,1,
Twig,class,ScnBody,,objects/twig.cpp,,10260,20,1,
Volcano,class,ScnBody,,objects/volcano.cpp,,10491,43,1,
Watch,class,ScnBody,,objects/watch.cpp,,10564,23,1,
WaterGeyser,class,ScnBody,,objects/watergeyser.cpp,,10588,25,1,
bipbip,class,ScnMobile,,objects/bipbip.cpp,,11351,24,2,
box,class,ScnMobile,,objects/box.cpp,,11376,17,95,
bull,class,ScnMobile,,objects/bull.cpp,,11426,46,4,
Bullet,class,ScnMobile,,objects/bullet.cpp,,1676,20,2,
CannonBall,class,ScnMobile,,objects/cannonball.cpp,,2194,89,1,
CannonBall2,class,ScnMobile,,objects/cannonball2.cpp,,2284,21,1,
  └ BallBits,struct,,CannonBall2,,,1069,12,0,
CrocodileLevel09,class,ScnMobile,,objects/crocodilelevel09.cpp,,3109,36,2,
DaffyElf,class,ScnMobile,,objects/daffyelf.cpp,,3425,25,1,
DaffyLevel01,class,ScnMobile,,objects/daffylevel01.cpp,,3465,32,1,
  └ DaffyLevel01FlagBits,struct,,DaffyLevel01,,,3451,13,0,
DaffyLevel02,class,ScnMobile,,objects/daffylevel02.cpp,,3498,65,1,
DaffyLevel09,class,ScnMobile,,objects/daffylevel09.cpp,,3564,46,1,
DaffyMilitary,class,ScnMobile,,objects/daffymilitary.cpp,,3611,30,2,
DaffyScene,class,ScnMobile,,objects/daffyscene.cpp,,3642,32,1,
DaffyTrainingLevel,class,ScnMobile,,objects/daffytraininglevel.cpp,,3715,77,1,
  └ TextBox,struct,,DaffyTrainingLevel,,,3675,14,6,
DaffyWheel,class,ScnMobile,,objects/daffywheel.cpp,,3793,19,1,
DoorMechanism,class,ScnMobile,,objects/doormechanism.cpp,,4247,13,2,
Dragon,class,ScnMobile,,objects/dragon.cpp,,4282,61,1,
Dynamite,class,ScnMobile,,objects/dynamite.cpp,,4382,25,1,
  └ DynamiteFlagBits,struct,,Dynamite,,,4358,10,0,
Elmer,class,ScnMobile,,objects/elmer.cpp,,4425,62,3,
Fan,class,ScnMobile,,objects/fan.cpp,,4662,24,1,
  └ FanReport,struct,,Fan,,,4650,11,2,
FishingRod,class,ScnMobile,,objects/fishingrod.cpp,,2953,23,1,
  └ RodFlagBits,struct,,FishingRod,,,2942,10,0,
FloatingBox,class,ScnMobile,,objects/floatingbox.cpp,,4781,45,4,
Flute,class,ScnMobile,,objects/flute.cpp,,4841,21,1,
Ghost,class,ScnMobile,,objects/ghost.cpp,,5130,71,2,
  └ GhostNode,struct,,Ghost,,,5227,15,1,
  └ GhostTravel,struct,,Ghost,,,5116,13,1,
Gossamer_Boss,class,ScnMobile,,objects/gossamer_boss.cpp,,5328,78,2,
Gossamer_Lev08,class,ScnMobile,,objects/gossamer_lev08.cpp,,5443,71,1,
HairDryer,class,ScnMobile,,objects/hairdryer.cpp,,5571,19,1,
Hive,class,ScnMobile,,objects/hive.cpp,,5706,30,1,
HoneyPot,class,ScnMobile,,objects/honeypot.cpp,,5799,24,2,
Hoover,class,ScnMobile,,objects/hoover.cpp,,5824,24,2,
InflatableSheep,class,ScnMobile,,objects/inflatablesheep.cpp,,5915,33,2,
  └ InflatableFlagBits,struct,,InflatableSheep,,,5902,12,0,
InstantMartian,class,ScnMobile,,objects/instantmartian.cpp,,6184,45,2,
Key,class,ScnMobile,,objects/key.cpp,,6308,18,1,
Magnet,class,ScnMobile,,objects/magnet.cpp,,6510,24,2,
Marvin,class,ScnMobile,,objects/marvin.cpp,,6754,23,1,
  └ MarvinFlagBits,struct,,Marvin,,,6739,14,1,
Mine,class,ScnMobile,,objects/mine.cpp,,4117,22,2,
  └ MineFlagBits,struct,,Mine,,,4106,10,0,
MineDetector,class,ScnMobile,,objects/minedetector.cpp,,6874,27,1,
Perfume,class,ScnMobile,,objects/perfume.cpp,,7382,25,1,
  └ PerfumeFlagBits,struct,,Perfume,,,7358,11,0,
  └ PerfumeScentReport,struct,,Perfume,,,7370,11,1,
PorkyLevel01,class,ScnMobile,,objects/porkylevel01.cpp,,7585,48,1,
RemoteControl,class,ScnMobile,,objects/remotecontrol.cpp,,7904,17,1,
Rocket,class,ScnMobile,,objects/rocket.cpp,,8187,28,2,
Rook,class,ScnMobile,,objects/rook.cpp,,8278,30,1,
Salad,class,ScnMobile,,objects/salad.cpp,,8322,25,4,
Sam,class,ScnMobile,,objects/sam.cpp,,8498,203,9,
  └ NavSearch,struct,,Sam,,,7107,13,2,
  └ SamBeachBits,struct,,Sam,,,8359,10,0,
  └ SamCarryGoal,struct,,Sam,,,8370,12,1,
  └ SamChaseBits,struct,,Sam,,,8383,10,0,
  └ SamChaseSoundBits,struct,,Sam,,,8394,11,0,
  └ SamContactInfo,struct,,Sam,,,8702,17,1,
  └ SamEdgeNormal,struct,,Sam,,,7068,11,1,
  └ SamFetchBits,struct,,Sam,,,8406,11,0,
  └ SamFetchFlags,struct,,Sam,,,8418,13,0,
  └ SamFetchGoal,struct,,Sam,,,8432,12,1,
  └ SamFollowBits,struct,,Sam,,,8445,12,0,
  └ SamPathHist,struct,,Sam,,,8458,15,1,
  └ SamSheepBits,struct,,Sam,,,8474,10,0,
  └ SamTracked,struct,,Sam,,,8485,12,0,
Sam_Pirate,class,ScnMobile,,objects/sam_pirate.cpp,,8720,70,1,
ScnControllable,class,ScnMobile,,game/scn_controllable.cpp,game/wolf_misc.cpp,7981,44,4,
  └ IdleAnimEntry,struct,,ScnControllable,,,5889,12,3,
Shark,class,ScnMobile,,objects/shark.cpp,,9055,65,1,
  └ SharkFxScratch,struct,,Shark,,,9135,12,2,
Sheep,class,ScnMobile,,objects/sheep.cpp,,9176,75,13,
  └ FlockScentSource,struct,,Sheep,,,4827,13,1,
SmallRock,class,ScnMobile,,objects/smallrock.cpp,,9428,35,2,
  └ SmallRockFlagBits,struct,,SmallRock,,,9401,14,0,
  └ SmallRockMoveBits,struct,,SmallRock,,,9416,11,0,
TimeMachineChrono,class,ScnMobile,,objects/timemachinechrono.cpp,,9908,18,1,
TriggedStone,class,ScnMobile,,objects/triggedstone.cpp,,10237,22,1,
Umbrella,class,ScnMobile,,objects/umbrella.cpp,,10353,16,1,
  └ UmbrellaFlagBits,struct,,Umbrella,,,10341,11,0,
WaterMine,class,ScnMobile,,objects/watermine.cpp,,10626,21,1,
  └ WaterMineFlagBits,struct,,WaterMine,,,10614,11,0,
WolfTrap,class,ScnMobile,,objects/wolftrap.cpp,,11225,24,1,
AmbientSoundManager,class,ScnLogic,,objects/ambient_sound.cpp,,709,25,1,
CameraManager,class,ScnLogic,,objects/cameramanager.cpp,,1989,18,1,
  └ CamMgrEntry,struct,,CameraManager,,,1793,13,1,
CameraManager2,class,ScnLogic,,objects/cameramanager2.cpp,,2008,17,1,
CameraRestriction,class,ScnLogic,,objects/camerarestriction.cpp,,2026,15,1,
CheckpointManager,class,ScnLogic,,objects/checkpointmanager.cpp,,2566,20,1,
  └ CheckpointEntry,struct,,CheckpointManager,,,2551,14,1,
CinematicsManager,class,ScnLogic,,objects/cinematicsmanager.cpp,,2840,17,2,
CreditsManager,class,ScnLogic,,objects/creditsmanager.cpp,,3078,30,1,
DancingGhostManager,class,ScnLogic,,objects/dancingghost_manager.cpp,objects/dancingghost_track.cpp,3901,110,2,
ElasticTree,class,ScnLogic,,objects/elastictree.cpp,,4408,16,1,
FacingCamera,class,ScnLogic,,objects/facingcamera.cpp,,4552,11,1,
FogManager,class,ScnLogic,,objects/fogmanager.cpp,,4875,14,1,
FrozenRiver,class,ScnLogic,,objects/frozenriver.cpp,,4931,38,2,
  └ RiverCargo,struct,,FrozenRiver,,,4915,15,1,
GeyserManger,class,ScnLogic,,objects/geysermanger.cpp,,5070,15,1,
Goal,class,ScnLogic,,objects/goal.cpp,,5257,20,1,
  └ GoalFlagBits,struct,,Goal,,,5243,13,0,
HiddenRocks,class,ScnLogic,,objects/hiddenrocks.cpp,,5679,12,1,
HitSwitch,class,ScnLogic,,objects/hitswitch.cpp,,5692,13,1,
LightSpot,class,ScnLogic,,objects/lightspot.cpp,,6430,33,1,
MapLocation,class,ScnLogic,,objects/maplocation.cpp,,6721,17,2,
MirrorManager,class,ScnLogic,,objects/mirrormanager.cpp,,6902,20,1,
ObjectManager,class,ScnLogic,,objects/objectmanager.cpp,,7149,19,1,
  └ ObjMgrEntry,struct,,ObjectManager,,,7136,12,0,
RCarpetMobile,class,ScnLogic,,objects/rcarpetmobile.cpp,,7824,29,2,
  └ RCarpetFlagBits,struct,,RCarpetMobile,,,7808,15,0,
ScnLogicShadowed,class,ScnLogic,,engine/scenaric.cpp,,8123,14,1,
SecretDoor,class,ScnLogic,,objects/secretdoor.cpp,,8915,12,1,
SfxCineManager,class,ScnLogic,,objects/sfxcinemanager.cpp,,9016,23,1,
SignPost,class,ScnLogic,,objects/signpost.cpp,,9265,23,2,
SignPostSimple,class,ScnLogic,,objects/signpost.cpp,,9308,19,1,
SuperButton,class,ScnLogic,,objects/superbutton.cpp,,9743,24,2,
  └ SuperButtonInput,struct,,SuperButton,,,9731,11,0,
Telescope,class,ScnLogic,,objects/telescope.cpp,,9784,33,2,
TrainStation,class,ScnLogic,,objects/trainstation.cpp,,10154,35,1,
Tree,class,ScnLogic,,objects/seed.cpp,,10202,17,1,
VisibilityManager,class,ScnLogic,,objects/visibilitymanager.cpp,,10468,22,2,
Wheel,class,ScnLogic,,objects/wheel.cpp,,10734,48,5,
WheelDummy,class,ScnLogic,,objects/wheeldummy.cpp,,10783,16,2,
WoodenLift,class,ScnLogic,,objects/woodenlift.cpp,,11263,37,1,
WoodenPlatForm,class,ScnLogic,,objects/woodenplatform.cpp,,11301,22,1,
MagnetRod,class,CompositeRod,,objects/fishingrod.cpp,,6535,10,1,
SaladRod,class,CompositeRod,,objects/fishingrod.cpp,,8348,10,1,
CompositeRod,class,FishingRod,,objects/fishingrod.cpp,,2991,17,1,
  └ RodParts,class,,CompositeRod,,,2977,13,1,
Joystick,class,InputDevice,,app/joystick.cpp,,6294,13,2,
Keyboard,class,InputDevice,,app/keyboard.cpp,,6327,14,3,
Mouse,class,InputDevice,,engine/mouse.cpp,,7020,12,2,
ScnObject,class,Instance,,engine/scenaric.cpp,compat/pure_slots.cpp; game/wolf_misc.cpp; objects/rcarpetmobile.cpp; objects/wheel.cpp; objects/blackhole.cpp; objects/hiddenrocks.cpp; objects/geyserin.cpp; objects/fallinggate2.cpp; objects/woodenplatform.cpp; objects/floatingbox.cpp; objects/daffylevel09.cpp; objects/bull.cpp; objects/gossamer_lev08.cpp; objects/catapult.cpp; objects/rollingcarpet.cpp; objects/smallrock.cpp; objects/sheep.cpp; objects/seesaw.cpp; objects/resizer.cpp; objects/snowball.cpp; objects/rock.cpp; objects/goal.cpp; objects/watergeyser.cpp; objects/woodenlift.cpp; objects/fan.cpp; objects/iceground.cpp; objects/sensiblebutton.cpp; objects/maplocation.cpp; game/scn_controllable.cpp; engine/scenaric_loop.cpp,587,104,204,
Instance,class,InstanceBase,,,,562,24,138,
  └ InstanceBase,struct,,Instance,,,548,13,2,
WorldObj,class,InstanceBase,,,,11324,10,6,
  └ Aabb,struct,,WorldObj,,,507,12,1,
AnimMesh,class,Mesh,,engine/anim_mesh.cpp,,808,34,2,
DefusableMine,class,Mine,,objects/mine.cpp,,4140,28,1,
  └ DefusableMineBits,struct,,DefusableMine,,,4079,13,0,
GroundMine,class,Mine,,objects/mine.cpp,,5529,29,1,
  └ GroundMineFlagBits,struct,,GroundMine,,,5515,13,0,
BsPolyBlendFlat,class,PolyTri,,,,1539,12,5,
BsPolyBlendGouraud,class,PolyTri,,,,1552,12,5,
BsPolyFlat,class,PolyTri,,,,1565,11,5,
BsPolyGouraud,class,PolyTri,,,,1577,11,5,
BsPolyTexFlat,class,PolyTri,,,,1589,13,5,
BsPolyTexGouraud,class,PolyTri,,,,1603,13,5,
Robot,class,ScnControllable,,objects/robot.cpp,,8026,67,4,
  └ RobotStateDesc,struct,,Robot,,,8094,11,1,
Wolf,class,ScnControllable,,game/wolf_misc.cpp,game/wolf_move.cpp; game/wolf.cpp; game/scn_controllable.cpp,10828,215,120,
  └ DrawMsgArgs,struct,,Wolf,,,4344,13,2,
  └ WolfArcScratch,struct,,Wolf,,,11044,16,1,
  └ WolfClimbScratch,struct,,Wolf,,,11061,16,1,
  └ WolfDanceMove,struct,,Wolf,,,11078,11,1,
  └ WolfFloatScratch,struct,,Wolf,,,11090,17,1,
  └ WolfHoldScratch,struct,,Wolf,,,11108,12,2,
  └ WolfLaunchAxis,struct,,Wolf,,,10800,12,0,
  └ WolfLaunchPath,class,,Wolf,,,10813,14,1,
  └ WolfLineArg,struct,,Wolf,,,11121,12,1,
  └ WolfMoveBank,struct,,Wolf,,,11134,18,3,
  └ WolfMoveScratch,struct,,Wolf,,,11153,14,3,
  └ WolfRespawnArg,struct,,Wolf,,,11168,11,2,
  └ WolfSpotArg,struct,,Wolf,,,11180,11,6,
  └ WolfStateDesc,struct,,Wolf,,,11192,15,3,
  └ WolfSwimScratch,struct,,Wolf,,,11208,16,1,
  └ WolfWalkToArg,struct,,Wolf,,,11250,12,1,
Rock,class,ScnLogicShadowed,,objects/rock.cpp,,8138,48,2,
  └ RockFlagBits,struct,,Rock,,,8106,16,0,
Snowball,class,ScnLogicShadowed,,objects/snowball.cpp,,9477,27,2,
ScnBody,class,ScnObject,,engine/scenaric.cpp,compat/pure_slots.cpp,910,29,81,
ScnLogic,class,ScnObject,,engine/scenaric.cpp,,692,16,14,
StaticSound,class,Sound,,engine/static_sound.cpp,,9553,24,5,
StreamSound,class,Sound,,engine/stream_sound.cpp,,9649,44,6,
ActionHit,struct,,,,,520,11,1,
AltModel,class,,,,,532,15,1,
AnimatedWorldObj,struct,,,,,898,11,2,
Animator,struct,,,,,876,21,139,
  └ AnimJointPose,struct,,Animator,,,748,14,5,
AnimHeader,struct,,,,,735,12,2,
  └ AnimKey,struct,,AnimHeader,,,763,14,1,
AnimSprite,class,,,engine/interface.cpp,,856,19,2,
AttachLink,struct,,,,,1011,21,4,
  └ AttachLinkBits,struct,,AttachLink,,,956,16,0,
BonusEntry,struct,,,,,1373,12,1,
Box6i,struct,,,,,1439,11,3,
BoxCrate,struct,,,,,1451,14,0,
BsFile,class,,,engine/bs_file.cpp,,1466,59,7,
  └ Vdx7,class,,BsFile,,,10370,13,2,
    └ Vdx7Record,struct,,Vdx7,,,10384,14,2,
BsStream,class,,,engine/bs_stream.cpp,,1617,19,3,
Camera,class,,,,,1969,19,116,
CamFlagBits,struct,,,,,1778,14,1,
CamModeParams,struct,,,,,1807,17,1,
CamPitchAdjBits,struct,,,,,1825,11,1,
CamProbeFrame,struct,,,,,1837,11,1,
CamRequestBits,struct,,,,,1849,15,1,
CamRestrict,struct,,,,,1883,26,1,
  └ CamRestrictBits,struct,,CamRestrict,,,1865,17,0,
CamSamPush,struct,,,,,1910,10,1,
CamSetup,struct,,,,,1921,13,12,
CamShot,class,,,objects/seesaw.cpp,,1935,18,1,
Cine,class,,,engine/cine2.cpp,engine/cine1.cpp; engine/cine_update.cpp; engine/cine.cpp,2673,108,6,
  └ CineActorMsg,struct,,Cine,,,2782,12,1,
  └ CineActorSave,struct,,Cine,,,2614,16,1,
  └ CineActorSlot,struct,,Cine,,,2631,11,1,
  └ CineAttach,struct,,Cine,,,2643,15,0,
  └ CineDialogue,struct,,Cine,,,2659,13,2,
  └ CineRecord,struct,,Cine,,,2795,12,4,
  └ CineTrack,struct,,Cine,,,2808,13,2,
  └ CineTrigger,struct,,Cine,,,2822,17,0,
CollBox,class,,,objects/goal.cpp,engine/scn_tools.cpp,2447,13,79,
CollCell,struct,,,,,2858,11,1,
CollContact,struct,,,,,2870,13,12,
CollMapHeader,struct,,,,,2884,15,0,
CollRay,struct,,,,,2900,13,2,
CollRayHit,struct,,,,,2914,11,1,
CollTri,struct,,,,,2926,15,4,
ContactInfo,struct,,,,,2042,16,30,
D3DApp,class,,,app/d3dapp.cpp,engine/mesh.cpp; engine/interface.cpp; engine/transition.cpp; engine/draw2d.cpp; app/app_main.cpp; objects/fireball.cpp; objects/fishingrod.cpp; objects/lightspot.cpp; engine/shadow.cpp; engine/text.cpp; engine/scenaric_loop.cpp; engine/game_level.cpp,3298,53,33,
  └ D3DDeviceInfo,struct,,D3DApp,,,3263,22,1,
  └ DIJoystickInfo,struct,,D3DApp,,,3286,11,1,
DialogBox,struct,,,,,3405,19,4,
DialogueShownFlags,struct,,,,,4180,13,1,
  └ DialogueShownBits,struct,,DialogueShownFlags,,,4169,10,0,
EmitterColumnParams,struct,,,,,4488,15,3,
EmitterDriftParams,struct,,,,,2059,16,5,
EmitterFadeParams,struct,,,,,4504,15,6,
EmitterRiseParams,struct,,,,,2076,15,4,
FileHandle,struct,,,,,4687,13,4,
FmvList,struct,,,,,4863,11,4,
Font,struct,,,,,4890,24,2,
Frustrum,class,,,engine/frustrum.cpp,,4970,45,6,
GameState,class,,,engine/game_state.cpp,,5016,19,7,
  └ Dav,struct,,GameState,,,4037,13,5,
    └ DavHeader,struct,,Dav,,,4066,12,11,
    └ WarFile,struct,,Dav,,,4024,12,2,
      └ WarHeader,struct,,WarFile,,,10535,15,1,
GroundQuery,struct,,,,,5559,11,20,
Heap,class,,,engine/heap.cpp,,5591,46,3,
  └ HeapBlock,struct,,Heap,,,5638,12,1,
HoleFX,class,,,fx/holefx.cpp,,5759,39,2,
InlineEmitter1,class,,,objects/mine.cpp,,4093,12,1,
InlineEmitter10,class,,,objects/piranhas.cpp,,5949,12,1,
InlineEmitter16,class,,,objects/bull.cpp,objects/heapofleaf.cpp; objects/sheep.cpp; objects/dragon.cpp; objects/sam_pirate.cpp; objects/flute.cpp; objects/cannonball.cpp,2166,12,7,
InlineEmitter3,class,,,objects/mine.cpp,objects/dynamite.cpp,4369,12,3,
InlineEmitter32,class,,,objects/perfume.cpp,,5962,12,1,
InlineEmitter4,class,,,objects/floatingbox.cpp,objects/inflatablesheep.cpp; objects/mine.cpp,4767,13,3,
InlineEmitter6,class,,,objects/piranhas.cpp,,5975,12,1,
InlineEmitter8,class,,,objects/raft.cpp,objects/shark.cpp,5988,13,2,
InputDevice,class,,,app/input_device.cpp,app/keyboard.cpp,6026,44,5,
InputMgr,class,,,engine/input_mgr.cpp,,6071,65,3,
  └ InputBinding,struct,,InputMgr,,,6002,11,1,
  └ InputBindingIdx,struct,,InputMgr,,,6014,11,2,
InteractScan,struct,,,,,6244,17,1,
LaunchArc,class,,,objects/volcano.cpp,objects/rock.cpp,2476,17,4,
  └ LaunchArcFlagBits,struct,,LaunchArc,,,2461,14,0,
ListNode,struct,,,,,6464,12,7,
Map,class,,,engine/map.cpp,,6629,78,3,
  └ MapLocSlot,struct,,Map,,,6708,12,0,
  └ MapMarker,struct,,Map,,,6591,13,0,
Mat34s,struct,,,,,1954,14,17,
Mat44,class,,,engine/mat44.cpp,,973,37,39,
Menu,struct,,,,,3352,17,7,
MenuBox,struct,,,,,3370,16,5,
MenuPage,struct,,,,,3387,17,10,
MenuState,struct,,,,,6778,24,1,
Mesh,class,,,engine/mesh.cpp,,778,29,10,
  └ MeshAnimFrame,class,,Mesh,,,6803,12,3,
  └ MeshAnimSeq,class,,Mesh,,,6816,13,3,
MeshPart,class,,,engine/mesh_part.cpp,,6830,29,3,
  └ MeshPartPose,class,,MeshPart,,,6860,13,4,
MltHeader,struct,,,,,6923,12,1,
Model,struct,,,,,6936,14,9,
  └ ModelBoxList,struct,,Model,,,6951,11,26,
  └ ModelJoint,struct,,Model,,,6963,12,2,
MoveModifyArg,struct,,,,,7033,15,7,
MoveRecord,struct,,,,,7049,18,4,
NavNode,struct,,,,,7080,26,2,
ObjGridHeader,struct,,,,,7121,14,0,
PackJpeg,class,,,objects/pack_jpeg.cpp,,7169,28,2,
  └ PackJpegEntry,struct,,PackJpeg,,,7198,12,1,
  └ PackJpegImage,struct,,PackJpeg,,,7211,14,1,
Pad,class,,,engine/input.cpp,,7268,47,10,
  └ PadFrame,struct,,Pad,,,7238,16,2,
  └ PadRecHeader,struct,,Pad,,,7316,15,1,
  └ PadRepeat,struct,,Pad,,,7255,12,1,
  └ PadTypeLen,struct,,Pad,,,7226,11,1,
Particle,struct,,,,,2092,15,1,
ParticleEmitter,class,,,engine/emitter.cpp,game/wolf.cpp,2119,33,6,
  └ EmitterFlagBits,struct,,ParticleEmitter,,,2108,10,0,
  └ EmitterPerfumeParams,struct,,ParticleEmitter,,,4520,17,2,
  └ EmitterTrailParams,struct,,ParticleEmitter,,,4538,13,3,
PathFollower,class,,,engine/approach.cpp,,7332,25,1,
PolyBatcher,class,,,engine/polybatcher.cpp,engine/mesh.cpp; engine/weather_fx.cpp; engine/debug_draw.cpp; objects/lightspot.cpp; engine/text.cpp; engine/draw2d.cpp; engine/shadow.cpp; engine/emitter.cpp; engine/interface.cpp,7533,51,16,
Progress,class,,,engine/progress.cpp,objects/mcard.cpp; objects/timekeeper.cpp; engine/pause_menu.cpp,7748,59,11,
  └ ControlConfig,struct,,Progress,,,3009,13,1,
  └ ProgressOptionBits,struct,,Progress,,,7718,12,1,
  └ ProgressRuntimeFlagBits,struct,,Progress,,,7731,16,0,
RenderPoly,class,,,engine/render_poly.cpp,,5737,21,19,
  └ PolyTri,class,,RenderPoly,,,1526,12,9,
ResolveScratch,struct,,,,,7967,13,1,
ScnClassRegEntry,struct,,,,,8839,13,2,
ScnRecordSynth,struct,,,,,2179,14,6,
Screen,class,,,engine/screen.cpp,,8853,32,4,
ScrollText,class,,,engine/interface.cpp,,1386,19,4,
  └ ScrollTextFlagBits,struct,,ScrollText,,,8886,14,0,
Shadow,class,,,engine/shadow.cpp,,1637,20,6,
  └ ShadowScratch,struct,,Shadow,,,9040,14,1,
SndBankEntry,struct,,,,,9464,12,1,
Sound,class,,,compat/pure_slots.cpp,,9520,32,4,
  └ SoundChannel,struct,,Sound,,,9578,22,1,
SoundDevice,class,,,engine/sound_device.cpp,,9613,35,8,
  └ SoundDeviceEntry,struct,,SoundDevice,,,9601,11,1,
Sprite,class,,,engine/interface.cpp,,3879,21,6,
  └ SpriteFrame,struct,,Sprite,,,843,12,3,
StreamPlayer,class,,,engine/stream_player.cpp,,9694,36,2,
StringBank,struct,,,,,4012,11,3,
TextResBank,class,,,objects/textresbank.cpp,,9840,15,2,
  └ TextResEntry,struct,,TextResBank,,,9856,12,1,
Texture,class,,,engine/texture.cpp,,9869,20,21,
  └ TexScroll,struct,,Texture,,,9818,21,2,
Timer,class,,,engine/timer.cpp,,9994,28,5,
TimeTravelArg,struct,,,,,9939,12,2,
TrailEmitter,class,,,objects/gossamer_lev08.cpp,objects/bipbip.cpp; objects/shark.cpp; objects/train.cpp; game/wolf.cpp,5407,12,7,
Trajectory,struct,,,,,7492,11,21,
TrajFollower,class,,,,,1254,19,4,
TrajPatrol,class,,,,,5420,22,1,
UiCursor,class,,,engine/interface.cpp,,10297,29,2,
  └ UiCursorFrame,struct,,UiCursor,,,10281,15,0,
UiFrame,struct,,,,,10327,13,2,
UiIcon,class,,,engine/interface.cpp,,6605,23,3,
UiQuad,class,,,engine/interface.cpp,,1112,25,3,
Vec2s,struct,,,,,10399,11,2,
Vec3f,class,,,,,2153,12,18,
Vec3i,struct,,,,,7954,12,27,
Vec4i,struct,,,,,10411,13,16,
Vec4s,struct,,,,,9121,13,7,
Video,class,,,objects/video.cpp,,10425,25,2,
VideoPlayer,class,,,objects/video_player.cpp,,10451,16,3,
WallAvoid,class,,,objects/wallavoid.cpp,objects/sheep.cpp,9161,14,2,
  └ WallAvoidFlagBits,struct,,WallAvoid,,,9148,12,0,
WarLevelHeader,struct,,,,,10551,12,2,
WaveFile,class,,,engine/wave_file.cpp,,10648,20,7,
  └ MMCKINFO,struct,,WaveFile,,,6495,14,2,
Weather,class,,,engine/weather_fx.cpp,,10703,30,2,
  └ WeatherParticle,struct,,Weather,,,10669,15,0,
  └ WeatherTex,struct,,Weather,,,10685,17,1,
    └ DavBitmapRec,struct,,WeatherTex,,,4051,14,15,
ZoneList,class,,,objects/automaticdoor.cpp,objects/train.cpp,1033,17,14,
